"","word","tf_idf"
"1","labs",0.123011007584785
"2","nicopure",0.123011007584785
"3","artistic",0.0822843902087412
"4","resource",0.0822843902087412
"5","erp",0.0785683209735077
"6","excellent",0.0780646778903442
"7","skillsmust",0.0780646778903442
"8","solution",0.075850814747209
"9","product",0.0652081686515937
"10","contract",0.0635506826260399
